insert into public.invites (email, display_name, role) values
  ('alex@example.com', 'Alex Rivera', 'player'),
  ('jamie@example.com', 'Jamie Chen', 'player'),
  ('morgan@example.com', 'Morgan Patel', 'player'),
  ('admin@example.com', 'Admin Captain', 'admin')
on conflict (email) do update set
  display_name = excluded.display_name,
  role = excluded.role;

insert into public.teams (id, name, short_name, group_name, fifa_rank, flag_emoji) values
  ('mex', 'Mexico', 'MEX', 'A', 15, '🇲🇽'),
  ('rsa', 'South Africa', 'RSA', 'A', 60, '🇿🇦'),
  ('kor', 'Korea Republic', 'KOR', 'A', 25, '🇰🇷'),
  ('cze', 'Czechia', 'CZE', 'A', 41, '🇨🇿'),
  ('can', 'Canada', 'CAN', 'B', 30, '🇨🇦'),
  ('bih', 'Bosnia-Herzegovina', 'BIH', 'B', 65, '🇧🇦'),
  ('qat', 'Qatar', 'QAT', 'B', 55, '🇶🇦'),
  ('sui', 'Switzerland', 'SUI', 'B', 19, '🇨🇭'),
  ('bra', 'Brazil', 'BRA', 'C', 6, '🇧🇷'),
  ('mar', 'Morocco', 'MAR', 'C', 8, '🇲🇦'),
  ('hai', 'Haiti', 'HAI', 'C', 83, '🇭🇹'),
  ('sco', 'Scotland', 'SCO', 'C', 43, '🏴'),
  ('usa', 'United States', 'USA', 'D', 16, '🇺🇸'),
  ('par', 'Paraguay', 'PAR', 'D', 40, '🇵🇾'),
  ('aus', 'Australia', 'AUS', 'D', 27, '🇦🇺'),
  ('tur', 'Türkiye', 'TUR', 'D', 22, '🇹🇷'),
  ('ger', 'Germany', 'GER', 'E', 10, '🇩🇪'),
  ('cuw', 'Curaçao', 'CUW', 'E', 82, '🇨🇼'),
  ('civ', 'Côte d''Ivoire', 'CIV', 'E', 34, '🇨🇮'),
  ('ecu', 'Ecuador', 'ECU', 'E', 23, '🇪🇨'),
  ('ned', 'Netherlands', 'NED', 'F', 7, '🇳🇱'),
  ('jpn', 'Japan', 'JPN', 'F', 18, '🇯🇵'),
  ('swe', 'Sweden', 'SWE', 'F', 38, '🇸🇪'),
  ('tun', 'Tunisia', 'TUN', 'F', 44, '🇹🇳'),
  ('bel', 'Belgium', 'BEL', 'G', 9, '🇧🇪'),
  ('irn', 'IR Iran', 'IRN', 'G', 21, '🇮🇷'),
  ('egy', 'Egypt', 'EGY', 'G', 29, '🇪🇬'),
  ('nzl', 'New Zealand', 'NZL', 'G', 85, '🇳🇿'),
  ('esp', 'Spain', 'ESP', 'H', 2, '🇪🇸'),
  ('cpv', 'Cabo Verde', 'CPV', 'H', 69, '🇨🇻'),
  ('ksa', 'Saudi Arabia', 'KSA', 'H', 61, '🇸🇦'),
  ('uru', 'Uruguay', 'URU', 'H', 17, '🇺🇾'),
  ('fra', 'France', 'FRA', 'I', 1, '🇫🇷'),
  ('sen', 'Senegal', 'SEN', 'I', 14, '🇸🇳'),
  ('irq', 'Iraq', 'IRQ', 'I', 57, '🇮🇶'),
  ('nor', 'Norway', 'NOR', 'I', 31, '🇳🇴'),
  ('arg', 'Argentina', 'ARG', 'J', 3, '🇦🇷'),
  ('alg', 'Algeria', 'ALG', 'J', 28, '🇩🇿'),
  ('aut', 'Austria', 'AUT', 'J', 24, '🇦🇹'),
  ('jor', 'Jordan', 'JOR', 'J', 63, '🇯🇴'),
  ('por', 'Portugal', 'POR', 'K', 5, '🇵🇹'),
  ('cod', 'Congo DR', 'COD', 'K', 46, '🇨🇩'),
  ('uzb', 'Uzbekistan', 'UZB', 'K', 50, '🇺🇿'),
  ('col', 'Colombia', 'COL', 'K', 13, '🇨🇴'),
  ('eng', 'England', 'ENG', 'L', 4, '🏴'),
  ('cro', 'Croatia', 'CRO', 'L', 11, '🇭🇷'),
  ('gha', 'Ghana', 'GHA', 'L', 74, '🇬🇭'),
  ('pan', 'Panama', 'PAN', 'L', 33, '🇵🇦')
on conflict (id) do update set
  name = excluded.name,
  short_name = excluded.short_name,
  group_name = excluded.group_name,
  fifa_rank = excluded.fifa_rank,
  flag_emoji = excluded.flag_emoji;

insert into public.matches (id, stage, group_name, home_team_id, away_team_id, kickoff_time, status) values
  ('g-01', 'group', 'A', 'mex', 'rsa', '2026-06-11T15:00:00-04:00', 'scheduled'),
  ('g-02', 'group', 'A', 'kor', 'cze', '2026-06-11T22:00:00-04:00', 'scheduled'),
  ('g-03', 'group', 'B', 'can', 'bih', '2026-06-12T15:00:00-04:00', 'scheduled'),
  ('g-04', 'group', 'D', 'usa', 'par', '2026-06-12T21:00:00-04:00', 'scheduled'),
  ('g-05', 'group', 'C', 'bra', 'mar', '2026-06-13T18:00:00-04:00', 'scheduled'),
  ('g-06', 'group', 'D', 'aus', 'tur', '2026-06-13T00:00:00-04:00', 'scheduled'),
  ('g-07', 'group', 'C', 'hai', 'sco', '2026-06-13T21:00:00-04:00', 'scheduled'),
  ('g-08', 'group', 'B', 'qat', 'sui', '2026-06-13T15:00:00-04:00', 'scheduled'),
  ('g-09', 'group', 'E', 'ger', 'cuw', '2026-06-14T13:00:00-04:00', 'scheduled'),
  ('g-10', 'group', 'E', 'civ', 'ecu', '2026-06-14T19:00:00-04:00', 'scheduled'),
  ('g-11', 'group', 'F', 'ned', 'jpn', '2026-06-14T16:00:00-04:00', 'scheduled'),
  ('g-12', 'group', 'F', 'swe', 'tun', '2026-06-14T22:00:00-04:00', 'scheduled'),
  ('g-13', 'group', 'H', 'esp', 'cpv', '2026-06-15T12:00:00-04:00', 'scheduled'),
  ('g-14', 'group', 'H', 'ksa', 'uru', '2026-06-15T18:00:00-04:00', 'scheduled'),
  ('g-15', 'group', 'G', 'bel', 'egy', '2026-06-15T21:00:00-04:00', 'scheduled'),
  ('g-16', 'group', 'G', 'irn', 'nzl', '2026-06-15T15:00:00-04:00', 'scheduled'),
  ('g-17', 'group', 'I', 'fra', 'sen', '2026-06-16T15:00:00-04:00', 'scheduled'),
  ('g-18', 'group', 'I', 'irq', 'nor', '2026-06-16T18:00:00-04:00', 'scheduled'),
  ('g-19', 'group', 'J', 'arg', 'alg', '2026-06-16T21:00:00-04:00', 'scheduled'),
  ('g-20', 'group', 'J', 'aut', 'jor', '2026-06-16T00:00:00-04:00', 'scheduled'),
  ('g-21', 'group', 'L', 'eng', 'cro', '2026-06-17T19:00:00-04:00', 'scheduled'),
  ('g-22', 'group', 'L', 'gha', 'pan', '2026-06-17T16:00:00-04:00', 'scheduled'),
  ('g-23', 'group', 'K', 'por', 'cod', '2026-06-17T13:00:00-04:00', 'scheduled'),
  ('g-24', 'group', 'K', 'uzb', 'col', '2026-06-17T22:00:00-04:00', 'scheduled'),
  ('g-25', 'group', 'A', 'cze', 'rsa', '2026-06-18T12:00:00-04:00', 'scheduled'),
  ('g-26', 'group', 'B', 'sui', 'bih', '2026-06-18T15:00:00-04:00', 'scheduled'),
  ('g-27', 'group', 'B', 'can', 'qat', '2026-06-18T18:00:00-04:00', 'scheduled'),
  ('g-28', 'group', 'A', 'mex', 'kor', '2026-06-18T21:00:00-04:00', 'scheduled'),
  ('g-29', 'group', 'C', 'bra', 'hai', '2026-06-19T21:00:00-04:00', 'scheduled'),
  ('g-30', 'group', 'C', 'sco', 'mar', '2026-06-19T18:00:00-04:00', 'scheduled'),
  ('g-31', 'group', 'D', 'tur', 'par', '2026-06-19T00:00:00-04:00', 'scheduled'),
  ('g-32', 'group', 'D', 'usa', 'aus', '2026-06-19T15:00:00-04:00', 'scheduled'),
  ('g-33', 'group', 'E', 'ger', 'civ', '2026-06-20T16:00:00-04:00', 'scheduled'),
  ('g-34', 'group', 'E', 'ecu', 'cuw', '2026-06-20T20:00:00-04:00', 'scheduled'),
  ('g-35', 'group', 'F', 'ned', 'swe', '2026-06-20T13:00:00-04:00', 'scheduled'),
  ('g-36', 'group', 'F', 'tun', 'jpn', '2026-06-20T00:00:00-04:00', 'scheduled'),
  ('g-37', 'group', 'H', 'esp', 'ksa', '2026-06-21T12:00:00-04:00', 'scheduled'),
  ('g-38', 'group', 'H', 'uru', 'cpv', '2026-06-21T18:00:00-04:00', 'scheduled'),
  ('g-39', 'group', 'G', 'bel', 'irn', '2026-06-21T15:00:00-04:00', 'scheduled'),
  ('g-40', 'group', 'G', 'nzl', 'egy', '2026-06-21T21:00:00-04:00', 'scheduled'),
  ('g-41', 'group', 'I', 'fra', 'irq', '2026-06-22T17:00:00-04:00', 'scheduled'),
  ('g-42', 'group', 'I', 'nor', 'sen', '2026-06-22T20:00:00-04:00', 'scheduled'),
  ('g-43', 'group', 'J', 'arg', 'aut', '2026-06-22T13:00:00-04:00', 'scheduled'),
  ('g-44', 'group', 'J', 'jor', 'alg', '2026-06-22T23:00:00-04:00', 'scheduled'),
  ('g-45', 'group', 'L', 'eng', 'gha', '2026-06-23T16:00:00-04:00', 'scheduled'),
  ('g-46', 'group', 'L', 'pan', 'cro', '2026-06-23T19:00:00-04:00', 'scheduled'),
  ('g-47', 'group', 'K', 'por', 'uzb', '2026-06-23T13:00:00-04:00', 'scheduled'),
  ('g-48', 'group', 'K', 'col', 'cod', '2026-06-23T22:00:00-04:00', 'scheduled'),
  ('g-49', 'group', 'C', 'sco', 'bra', '2026-06-24T18:00:00-04:00', 'scheduled'),
  ('g-50', 'group', 'C', 'mar', 'hai', '2026-06-24T18:00:00-04:00', 'scheduled'),
  ('g-51', 'group', 'B', 'can', 'sui', '2026-06-24T15:00:00-04:00', 'scheduled'),
  ('g-52', 'group', 'B', 'bih', 'qat', '2026-06-24T15:00:00-04:00', 'scheduled'),
  ('g-53', 'group', 'A', 'mex', 'cze', '2026-06-24T21:00:00-04:00', 'scheduled'),
  ('g-54', 'group', 'A', 'kor', 'rsa', '2026-06-24T21:00:00-04:00', 'scheduled'),
  ('g-55', 'group', 'E', 'ecu', 'ger', '2026-06-25T16:00:00-04:00', 'scheduled'),
  ('g-56', 'group', 'E', 'cuw', 'civ', '2026-06-25T16:00:00-04:00', 'scheduled'),
  ('g-57', 'group', 'F', 'tun', 'ned', '2026-06-25T19:00:00-04:00', 'scheduled'),
  ('g-58', 'group', 'F', 'jpn', 'swe', '2026-06-25T19:00:00-04:00', 'scheduled'),
  ('g-59', 'group', 'D', 'usa', 'tur', '2026-06-25T22:00:00-04:00', 'scheduled'),
  ('g-60', 'group', 'D', 'par', 'aus', '2026-06-25T22:00:00-04:00', 'scheduled'),
  ('g-61', 'group', 'I', 'nor', 'fra', '2026-06-26T15:00:00-04:00', 'scheduled'),
  ('g-62', 'group', 'I', 'sen', 'irq', '2026-06-26T15:00:00-04:00', 'scheduled'),
  ('g-63', 'group', 'G', 'nzl', 'bel', '2026-06-26T23:00:00-04:00', 'scheduled'),
  ('g-64', 'group', 'G', 'egy', 'irn', '2026-06-26T23:00:00-04:00', 'scheduled'),
  ('g-65', 'group', 'H', 'uru', 'esp', '2026-06-26T20:00:00-04:00', 'scheduled'),
  ('g-66', 'group', 'H', 'cpv', 'ksa', '2026-06-26T20:00:00-04:00', 'scheduled'),
  ('g-67', 'group', 'L', 'pan', 'eng', '2026-06-27T17:00:00-04:00', 'scheduled'),
  ('g-68', 'group', 'L', 'cro', 'gha', '2026-06-27T17:00:00-04:00', 'scheduled'),
  ('g-69', 'group', 'J', 'jor', 'arg', '2026-06-27T22:00:00-04:00', 'scheduled'),
  ('g-70', 'group', 'J', 'alg', 'aut', '2026-06-27T22:00:00-04:00', 'scheduled'),
  ('g-71', 'group', 'K', 'col', 'por', '2026-06-27T19:30:00-04:00', 'scheduled'),
  ('g-72', 'group', 'K', 'cod', 'uzb', '2026-06-27T19:30:00-04:00', 'scheduled')
on conflict (id) do update set
  stage = excluded.stage,
  group_name = excluded.group_name,
  home_team_id = excluded.home_team_id,
  away_team_id = excluded.away_team_id,
  kickoff_time = excluded.kickoff_time,
  status = excluded.status;

insert into public.matches (
  id,
  stage,
  group_name,
  home_team_id,
  away_team_id,
  home_source,
  away_source,
  kickoff_time,
  status,
  next_match_id,
  next_match_slot
) values
  ('r32-01', 'r32', null, null, null, 'Group A Winner', 'Group B Runner-up', '2026-06-28T13:00:00-04:00', 'scheduled', 'r16-01', 'home'),
  ('r32-02', 'r32', null, null, null, 'Group C Winner', 'Group D Runner-up', '2026-06-28T16:00:00-04:00', 'scheduled', 'r16-01', 'away'),
  ('r32-03', 'r32', null, null, null, 'Group E Winner', 'Group F Runner-up', '2026-06-28T19:00:00-04:00', 'scheduled', 'r16-02', 'home'),
  ('r32-04', 'r32', null, null, null, 'Group G Winner', 'Group H Runner-up', '2026-06-29T13:00:00-04:00', 'scheduled', 'r16-02', 'away'),
  ('r32-05', 'r32', null, null, null, 'Group I Winner', 'Group J Runner-up', '2026-06-29T16:00:00-04:00', 'scheduled', 'r16-03', 'home'),
  ('r32-06', 'r32', null, null, null, 'Group K Winner', 'Group L Runner-up', '2026-06-29T19:00:00-04:00', 'scheduled', 'r16-03', 'away'),
  ('r32-07', 'r32', null, null, null, 'Group B Winner', 'Group A Runner-up', '2026-06-30T13:00:00-04:00', 'scheduled', 'r16-04', 'home'),
  ('r32-08', 'r32', null, null, null, 'Group D Winner', 'Group C Runner-up', '2026-06-30T16:00:00-04:00', 'scheduled', 'r16-04', 'away'),
  ('r32-09', 'r32', null, null, null, 'Group F Winner', 'Group E Runner-up', '2026-06-30T19:00:00-04:00', 'scheduled', 'r16-05', 'home'),
  ('r32-10', 'r32', null, null, null, 'Group H Winner', 'Group G Runner-up', '2026-07-01T13:00:00-04:00', 'scheduled', 'r16-05', 'away'),
  ('r32-11', 'r32', null, null, null, 'Group J Winner', 'Group I Runner-up', '2026-07-01T16:00:00-04:00', 'scheduled', 'r16-06', 'home'),
  ('r32-12', 'r32', null, null, null, 'Group L Winner', 'Group K Runner-up', '2026-07-01T19:00:00-04:00', 'scheduled', 'r16-06', 'away'),
  ('r32-13', 'r32', null, null, null, 'Best third-place 1', 'Best third-place 4', '2026-07-02T13:00:00-04:00', 'scheduled', 'r16-07', 'home'),
  ('r32-14', 'r32', null, null, null, 'Best third-place 2', 'Best third-place 3', '2026-07-02T16:00:00-04:00', 'scheduled', 'r16-07', 'away'),
  ('r32-15', 'r32', null, null, null, 'Best third-place 5', 'Best third-place 8', '2026-07-03T13:00:00-04:00', 'scheduled', 'r16-08', 'home'),
  ('r32-16', 'r32', null, null, null, 'Best third-place 6', 'Best third-place 7', '2026-07-03T16:00:00-04:00', 'scheduled', 'r16-08', 'away'),
  ('r16-01', 'r16', null, null, null, 'Winner of r32-01', 'Winner of r32-02', '2026-07-04T13:00:00-04:00', 'scheduled', 'qf-01', 'home'),
  ('r16-02', 'r16', null, null, null, 'Winner of r32-03', 'Winner of r32-04', '2026-07-04T17:00:00-04:00', 'scheduled', 'qf-01', 'away'),
  ('r16-03', 'r16', null, null, null, 'Winner of r32-05', 'Winner of r32-06', '2026-07-05T13:00:00-04:00', 'scheduled', 'qf-02', 'home'),
  ('r16-04', 'r16', null, null, null, 'Winner of r32-07', 'Winner of r32-08', '2026-07-05T17:00:00-04:00', 'scheduled', 'qf-02', 'away'),
  ('r16-05', 'r16', null, null, null, 'Winner of r32-09', 'Winner of r32-10', '2026-07-06T13:00:00-04:00', 'scheduled', 'qf-03', 'home'),
  ('r16-06', 'r16', null, null, null, 'Winner of r32-11', 'Winner of r32-12', '2026-07-06T17:00:00-04:00', 'scheduled', 'qf-03', 'away'),
  ('r16-07', 'r16', null, null, null, 'Winner of r32-13', 'Winner of r32-14', '2026-07-07T13:00:00-04:00', 'scheduled', 'qf-04', 'home'),
  ('r16-08', 'r16', null, null, null, 'Winner of r32-15', 'Winner of r32-16', '2026-07-07T17:00:00-04:00', 'scheduled', 'qf-04', 'away'),
  ('qf-01', 'qf', null, null, null, 'Winner of r16-01', 'Winner of r16-02', '2026-07-09T16:00:00-04:00', 'scheduled', 'sf-01', 'home'),
  ('qf-02', 'qf', null, null, null, 'Winner of r16-03', 'Winner of r16-04', '2026-07-10T16:00:00-04:00', 'scheduled', 'sf-01', 'away'),
  ('qf-03', 'qf', null, null, null, 'Winner of r16-05', 'Winner of r16-06', '2026-07-11T16:00:00-04:00', 'scheduled', 'sf-02', 'home'),
  ('qf-04', 'qf', null, null, null, 'Winner of r16-07', 'Winner of r16-08', '2026-07-12T16:00:00-04:00', 'scheduled', 'sf-02', 'away'),
  ('sf-01', 'sf', null, null, null, 'Winner of qf-01', 'Winner of qf-02', '2026-07-14T19:00:00-04:00', 'scheduled', 'final-01', 'home'),
  ('sf-02', 'sf', null, null, null, 'Winner of qf-03', 'Winner of qf-04', '2026-07-15T19:00:00-04:00', 'scheduled', 'final-01', 'away'),
  ('final-01', 'final', null, null, null, 'Winner of sf-01', 'Winner of sf-02', '2026-07-19T15:00:00-04:00', 'scheduled', null, null)
on conflict (id) do update set
  stage = excluded.stage,
  group_name = excluded.group_name,
  home_team_id = excluded.home_team_id,
  away_team_id = excluded.away_team_id,
  home_source = excluded.home_source,
  away_source = excluded.away_source,
  kickoff_time = excluded.kickoff_time,
  status = excluded.status,
  next_match_id = excluded.next_match_id,
  next_match_slot = excluded.next_match_slot;
